Topic,Link
Active Learning,https://www.linkedin.com/pulse/topics/active-learning-s15663/
Adaptive Learning,https://www.linkedin.com/pulse/topics/adaptive-learning-s33217/
Business Decision Making,https://www.linkedin.com/pulse/topics/business-decision-making-s45951/
Business Valuation,https://www.linkedin.com/pulse/topics/business-valuation-s2551/
Business Administration,https://www.linkedin.com/pulse/topics/business-administration-s50111/business-strategy-s697/
Cash Flow Forecasting,https://www.linkedin.com/pulse/topics/cash-flow-forecasting-s3363/
Cash Flow Management,https://www.linkedin.com/pulse/topics/cash-flow-management-s4067/
Cash Flow Statements,https://www.linkedin.com/pulse/topics/cash-flow-statements-s21015/
Company Valuation,https://www.linkedin.com/pulse/topics/company-valuation-s20136/
DCF Valuation,https://www.linkedin.com/pulse/topics/dcf-valuation-s21842/
Soft Skills,https://www.linkedin.com/pulse/topics/soft-skills-s2976/decision-making-s2506/
Educational Consulting,https://www.linkedin.com/pulse/topics/educational-consulting-s5255/
Education Leadership,https://www.linkedin.com/pulse/topics/education-s124/educational-leadership-s6134/
Educational Technology,https://www.linkedin.com/pulse/topics/education-s124/educational-technology-s3596/
Educational Programs,https://www.linkedin.com/pulse/topics/educational-programs-s7879/
Fintech,https://www.linkedin.com/pulse/topics/fintech-s34036/
Financial Management,https://www.linkedin.com/pulse/topics/financial-management-s32864/financial-technology-s10325/
Gamification,https://www.linkedin.com/pulse/topics/gamification-s26347/
Modeling and Simulation,https://www.linkedin.com/pulse/topics/modeling-and-simulation-s55031/
People Development,https://www.linkedin.com/pulse/topics/people-development-s11727/
Problem Solving,https://www.linkedin.com/pulse/topics/soft-skills-s2976/problem-solving-s1017/
Program Development,https://www.linkedin.com/pulse/topics/program-development-s2008/
Business Administration,https://www.linkedin.com/pulse/topics/business-administration-s50111/senior-stakeholder-management-s41690/
Strategic Consulting,https://www.linkedin.com/pulse/topics/strategic-consulting-s2002/
Workshop Development,https://www.linkedin.com/pulse/topics/workshop-development-s11097/